item_id,degree
https://aromatica.co/product/detail.html?product_no=1305&cate_no=827&display_group=1,18
https://dewytree.com/product/detail.html?product_no=1087&cate_no=54&display_group=1,21
https://themedicube.co.kr/product/detail.html?product_no=2713&cate_no=308&display_group=1,21
https://m.bentoncosmetic.com/product/detail.html?product_no=885&cate_no=188&display_group=1,22
https://medipeel.co.kr/product/detail.html?product_no=3747&cate_no=499&display_group=1,23
https://medipeel.co.kr/product/detail.html?product_no=2821&cate_no=499&display_group=1,24
https://mixsoon.co.kr/product/detail.html?product_no=820&cate_no=106&display_group=1,24
https://mixsoon.co.kr/product/detail.html?product_no=671&cate_no=106&display_group=1,24
https://lagom.kr/product/detail.html?product_no=10&cate_no=86&display_group=1,25
https://lagom.kr/product/detail.html?product_no=132&cate_no=86&display_group=1,25
https://lagom.kr/product/detail.html?product_no=572&cate_no=69&display_group=1,26
https://medipeel.co.kr/product/detail.html?product_no=2904&cate_no=499&display_group=1,26
https://hemille.com/product/detail.html?product_no=56&cate_no=55&display_group=1,27
https://medipeel.co.kr/product/detail.html?product_no=3240&cate_no=499&display_group=1,28
https://www.suiskin.co.kr/product/detail.html?product_no=170&cate_no=83&display_group=1,28
https://imfrom.co.kr/product/detail.html?product_no=234&cate_no=175&display_group=1,28
https://lagom.kr/product/detail.html?product_no=566&cate_no=69&display_group=1,28
https://sum37.com/product/detail.html?product_no=406&cate_no=24&display_group=1,29
https://mixsoon.co.kr/product/detail.html?product_no=445&cate_no=106&display_group=1,29
https://themedicube.co.kr/product/detail.html?product_no=2360&cate_no=44&display_group=1,30
https://anua.kr/product/detail.html?product_no=463&cate_no=24&display_group=1,31
https://dewytree.com/product/detail.html?product_no=686&cate_no=54&display_group=1,31
https://medipeel.co.kr/product/detail.html?product_no=2855&cate_no=499&display_group=1,32
https://themedicube.co.kr/product/detail.html?product_no=1927&cate_no=57&display_group=1,32
https://anua.kr/product/detail.html?product_no=330&cate_no=24&display_group=1,33
https://banila.com/product/detail.html?product_no=676&cate_no=214&display_group=1,33
https://imfrom.co.kr/product/detail.html?product_no=206&cate_no=175&display_group=1,33
https://purek.co.kr/product/detail.html?product_no=9&cate_no=25&display_group=1,33
https://abib.com/product/detail.html?product_no=186&cate_no=77&display_group=1,33
https://pyunkangyul.com/product/%EC%A7%84%EC%A0%95-%EC%95%BD%EC%82%B0%EC%84%B1-%ED%8F%AC%EB%B0%8D-%ED%81%B4%EB%A0%8C%EC%A0%80-150ml/203/category/231/display/1/,33
https://imfrom.co.kr/product/detail.html?product_no=215&cate_no=175&display_group=1,34
https://medipeel.co.kr/product/detail.html?product_no=3915&cate_no=728&display_group=1,34
https://mixsoon.co.kr/product/detail.html?product_no=869&cate_no=106&display_group=1,35
https://lagom.kr/product/detail.html?product_no=329&cate_no=86&display_group=1,35
https://www.elimerek.com/shop/shopdetail.html?branduid=3558997&xcode=001&mcode=001&scode=&type=Y&sort=regdate&current_category=001001&search=&GfDT=bmd3Ug%3D%3D,36
https://neopharmshop.co.kr/product/detail.html?product_no=2144&cate_no=48&display_group=1,36
https://medihealshop.com/product/더마-크림-팩-클렌저로제-피디알엔-모공-탄력/1660/,36
https://themedicube.co.kr/product/detail.html?product_no=2473&cate_no=308&display_group=1,36
https://medipeel.co.kr/product/detail.html?product_no=2739&cate_no=499&display_group=1,36
https://medipeel.co.kr/product/detail.html?product_no=3868&cate_no=499&display_group=1,36
https://banila.com/product/detail.html?product_no=1045&cate_no=214&display_group=1,36
https://sum37.com/product/detail.html?product_no=400&cate_no=24&display_group=1,36
https://medipeel.co.kr/product/detail.html?product_no=2688&cate_no=499&display_group=1,37
https://themedicube.co.kr/product/detail.html?product_no=2304&cate_no=44&display_group=1,37
https://medipeel.co.kr/product/detail.html?product_no=4116&cate_no=499&display_group=1,38
https://hemille.com/product/detail.html?product_no=490&cate_no=55&display_group=1,38
https://aromatica.co/product/detail.html?product_no=2202&cate_no=827&display_group=1,39
https://themedicube.co.kr/product/detail.html?product_no=356&cate_no=44&display_group=1,39
https://neopharmshop.co.kr/product/detail.html?product_no=3454&cate_no=175&display_group=1,40
https://dewytree.com/product/detail.html?product_no=963&cate_no=54&display_group=1,40
https://pongdangshop.com/product/detail.html?product_no=183&cate_no=117&display_group=1,40
https://www.cosrx.co.kr/shop/shopdetail.html?branduid=1176192&search=%C5%AC%B7%BB%C0%FA&sort=sellcnt&xcode=019&mcode=000&scode=&GfDT=bGh3Uw%3D%3D,40
https://banila.com/product/detail.html?product_no=682,40
https://beautyofjoseon.co.kr/product/미감클렌징밤/16/,40
https://lagom.kr/product/detail.html?product_no=574&cate_no=69&display_group=1,40
https://mixsoon.co.kr/product/detail.html?product_no=776&cate_no=106&display_group=1,40
https://jayjun.co.kr/product/detail.html?product_no=1476,41
https://sum37.com/product/detail.html?product_no=413&cate_no=24&display_group=1,41
https://www.edkshop.com/product/detail.html?product_no=274&cate_no=132&display_group=1,41
https://anua.kr/product/detail.html?product_no=335&cate_no=24&display_group=1,41
https://imfrom.co.kr/product/detail.html?product_no=248&cate_no=175&display_group=1,42
https://aromatica.co/product/detail.html?product_no=1149&cate_no=827&display_group=1,42
https://m.bentoncosmetic.com/product/detail.html?product_no=681&cate_no=188&display_group=1,42
https://unleashiacosmetics.com/product/에이비씨-소르베-페이셜-클렌저-abc-sorbet-facial-cleanser/272/category/84/display/1/,42
https://www.sulwhasoo.com/kr/ko/products/gentle-cleansing-oil.html,42
https://imfrom.co.kr/product/detail.html?product_no=202&cate_no=175&display_group=1,42
https://aromatica.co/product/detail.html?product_no=2421&cate_no=827&display_group=1,42
https://stridex.co.kr/37/?idx=191,42
https://medipeel.co.kr/product/detail.html?product_no=3916&cate_no=728&display_group=1,42
https://myrealbarrier.co.kr/product/detail.html?product_no=86&cate_no=48&display_group=1,43
https://sum37.com/product/detail.html?product_no=369&cate_no=24&display_group=1,43
https://sum37.com/product/detail.html?product_no=374&cate_no=24&display_group=1,43
https://pongdangshop.com/product/detail.html?product_no=172&cate_no=117&display_group=1,43
https://lagom.kr/product/detail.html?product_no=652&cate_no=86&display_group=1,43
https://lagom.kr/product/detail.html?product_no=484&cate_no=86&display_group=1,44
https://abib.com/product/detail.html?product_no=327&cate_no=24&display_group=1,44
https://imfrom.co.kr/product/detail.html?product_no=246&cate_no=175&display_group=1,44
https://brmudkorea.com/product/detail.html?product_no=21&cate_no=72&display_group=1,44
https://sum37.com/product/detail.html?product_no=382&cate_no=24&display_group=1,44
https://www.suiskin.co.kr/product/detail.html?product_no=327&cate_no=83&display_group=1,44
https://medipeel.co.kr/product/detail.html?product_no=3917&cate_no=728&display_group=1,44
https://lagom.kr/product/detail.html?product_no=326&cate_no=86&display_group=1,44
https://pongdangshop.com/product/detail.html?product_no=196&cate_no=117&display_group=1,45
https://brmudkorea.com/product/detail.html?product_no=171&cate_no=90&display_group=1,45
https://pyunkangyul.com/product/%EC%A7%84%EC%A0%95-%EC%95%84%ED%81%AC%EB%84%A4-%ED%81%B4%EB%A0%8C%EC%A7%95%ED%8F%BC-100ml/374/category/231/display/1/,45
https://medipeel.co.kr/product/detail.html?product_no=2391&cate_no=499&display_group=1,45
https://banila.com/product/detail.html?product_no=689&cate_no=214&display_group=1,45
https://lagom.kr/product/detail.html?product_no=327&cate_no=86&display_group=1,45
https://dewytree.com/product/detail.html?product_no=21&cate_no=54&display_group=1,46
https://myrealbarrier.co.kr/product/detail.html?product_no=215&cate_no=48&display_group=1,46
https://medipeel.co.kr/product/detail.html?product_no=2687&cate_no=499&display_group=1,46
https://anua.kr/product/detail.html?product_no=321&cate_no=24&display_group=1,47
https://dewytree.com/product/detail.html?product_no=610&cate_no=54&display_group=1,47
https://whataskin.co.kr/product/%EB%A7%88%EC%9D%BC%EB%93%9C-%EB%B0%94%ED%95%98-55-%EC%95%BD%EC%82%B0%EC%84%B1-%EB%B2%84%EB%B8%94-%ED%8F%BC%ED%81%B4%EB%A0%8C%EC%A7%95-200ml/11/category/29/display/1/,47
https://www.cosrx.co.kr/shop/shopdetail.html?branduid=1177326&search=%C5%AC%B7%BB%C0%FA&sort=sellcnt&xcode=019&mcode=000&scode=&GfDT=Zmp3VQ%3D%3D,47
https://www.sulwhasoo.com/kr/ko/products/concentrated-ginseng-rejuvenating-cleansing-foam.html,47
https://banila.com/product/detail.html?product_no=1154&cate_no=214&display_group=1,47
https://coreanamall.com/products/view/FCXJ060100,48
https://mixsoon.co.kr/product/detail.html?product_no=282&cate_no=106&display_group=1,48
https://medipeel.co.kr/product/detail.html?product_no=3301&cate_no=728&display_group=1,48
https://dewytree.com/product/detail.html?product_no=938&cate_no=54&display_group=1,48
https://imfrom.co.kr/product/detail.html?product_no=205&cate_no=175&display_group=1,48
https://www.iaso.co.kr/shop/shopdetail.html?branduid=2558230&xcode=005&mcode=001&scode=&type=Y&sort=manual&current_category=005001&search=&GfDT=bmt7W1k%3D,48
https://myrealbarrier.co.kr/product/detail.html?product_no=87&cate_no=48&display_group=1,48
https://m.bentoncosmetic.com/product/%EB%B2%A4%ED%8A%BC-%EA%B9%8A%EC%9D%80-%EB%85%B9%EC%B0%A8-%ED%81%B4%EB%A0%8C%EC%A7%95%ED%8F%BC-120g/412/category/188/display/1/#enp_mbris,48
https://lagom.kr/product/detail.html?product_no=328&cate_no=86&display_group=1,48
https://brmudkorea.com/product/detail.html?product_no=87&cate_no=90&display_group=1,48
https://aromatica.co/product/detail.html?product_no=2160&cate_no=827&display_group=1,48
https://banila.com/product/detail.html?product_no=687&cate_no=214&display_group=1,48
https://medipeel.co.kr/product/detail.html?product_no=2755&cate_no=499&display_group=1,49
https://m.bentoncosmetic.com/product/%EB%B2%A4%ED%8A%BC-ac-%EB%B0%94%ED%95%98-%ED%8F%BC-%ED%81%B4%EB%A0%8C%EC%A7%95-120ml-%EC%95%BD%EC%82%B0%EC%84%B1-bha-%EB%AF%B8%EC%82%B0%EC%84%B1-%ED%94%BC%EB%B6%80%EA%B3%BC-%EB%94%A5-%ED%81%B4%EB%A0%8C%EC%A0%80-%EC%84%B8%EC%95%88%EC%A0%9C/689/category/188/display/1/#enp_mbris,49
https://medipeel.co.kr/product/detail.html?product_no=3222&cate_no=499&display_group=1,49
https://telse.co.kr/product/%ED%99%94%EC%9D%B4%ED%8A%B8-%ED%8B%B0%ED%8A%B8%EB%A6%AC-%EC%95%84%ED%81%AC-%ED%94%8C%EB%9F%AC%EC%8A%A4-%ED%81%B4%EB%A0%8C%EC%A7%95-%ED%8F%BC-150ml/121/category/70/display/1/,49
https://physiogel.co.kr/product/detail.html?product_no=33&cate_no=28&display_group=1,49
https://imfrom.co.kr/product/%ED%94%BC%EA%B7%B8-%ED%8F%BC-%ED%81%B4%EB%A0%8C%EC%A0%80/204/category/175/display/1/,49
https://mixsoon.co.kr/product/detail.html?product_no=385&cate_no=106&display_group=1,49
https://yuripibu.com/product/%EC%B4%9D-480ml-%EA%B7%B8%EB%9E%80%EB%96%BC-%EB%8D%B0%EC%9D%BC%EB%A6%AC-%EC%95%BD%EC%82%B0%EC%84%B1-%ED%81%B4%EB%A0%8C%EC%A7%95-%ED%8F%BC-160ml-x3%EA%B0%9C/102/category/88/display/1/,49
https://lagom.kr/product/detail.html?product_no=11&cate_no=86&display_group=1,49
https://medipeel.co.kr/product/detail.html?product_no=2681&cate_no=499&display_group=1,49
https://clubclio.co.kr/shop/goodsView/0000005485,50
https://www.naturerepublic.com/goods/goods/view?no=9990,50
https://www.torriden.com/goods/goods_view.php?goodsNo=209,50
https://lagom.kr/product/detail.html?product_no=488&cate_no=86&display_group=1,50
https://medipeel.co.kr/product/detail.html?product_no=3409&cate_no=499&display_group=1,50
https://cellfusionc.co.kr/product/약산성-패리어-클렌징폼-165ml/267/,51
https://anua.kr/product/detail.html?product_no=432&cate_no=24&display_group=1,51
https://www.oliveyoung.co.kr/store/goods/getGoodsDetail.do?goodsNo=A000000180508&t_page=%EB%B8%8C%EB%9E%9C%EB%93%9C%EA%B4%80&t_click=%EB%B2%A0%EC%8A%A4%ED%8A%B8+%EB%9E%AD%ED%82%B9&t_number=1&dispCatNo=1000001001000010003&trackingCd=Brand_BestRanking_Product,51
https://brmudkorea.com/product/detail.html?product_no=178&cate_no=90&display_group=1,51
https://neopharmshop.co.kr/product/detail.html?product_no=2215&cate_no=43&display_group=1,51
https://www.iaso.co.kr/shop/shopdetail.html?branduid=2542486&xcode=005&mcode=001&scode=&type=Y&sort=manual&current_category=005001&search=&GfDT=bm95W1U%3D,51
https://mixsoon.co.kr/product/detail.html?product_no=515&cate_no=65&display_group=1,52
https://medipeel.co.kr/product/detail.html?product_no=2834&cate_no=499&display_group=1,52
https://www.torriden.com/goods/goods_view.php?goodsNo=158,52
https://m.bentoncosmetic.com/product/detail.html?product_no=558&cate_no=188&display_group=1,52
https://whataskin.co.kr/product/aa-p-%ED%8C%90%ED%85%8C%EB%86%80-%EC%A0%A4-%ED%81%B4%EB%A0%8C%EC%A7%95-%ED%8F%BC%ED%81%B4%EB%A0%8C%EC%A7%95-200ml/25/category/29/display/1/,52
https://imfrom.co.kr/product/detail.html?product_no=245&cate_no=175&display_group=1,53
https://boldformula.com/product/%ED%99%94%ED%95%B4-1%EC%9C%84-%ED%94%BC%EC%A7%80-%ED%9D%A1%EC%B0%A9-%EC%97%AC%EB%93%9C%EB%A6%84-%EA%B8%B0%EB%8A%A5%EC%84%B1-%ED%81%B4%EB%A0%8C%EC%A7%95-%ED%8F%BC/40/category/46/display/1/,53
https://myrealbarrier.co.kr/product/detail.html?product_no=125,53
https://mixsoon.co.kr/product/detail.html?product_no=669&cate_no=106&display_group=1,53
https://neopharmshop.co.kr/product/detail.html?product_no=2134&cate_no=1&display_group=11,54
https://eunyul.co.kr/product/%EB%8D%B0%EC%9D%BC%EB%A6%AC-%EC%BC%80%EC%96%B4-%EB%A7%88%EC%9D%BC%EB%93%9C-%EB%B2%84%EB%B8%94-%ED%8F%BC%ED%81%B4%EB%A0%8C%EC%A0%80-500ml/125/category/45/display/1/,54
https://dermagen.co.kr/product/%EB%8D%94%EB%A7%88%EA%B2%90-%EC%95%84%ED%81%AC%EC%8B%B9-%ED%8F%BC%ED%81%B4%EB%A0%8C%EC%A7%95-180ml/62/,54
https://imfrom.co.kr/product/detail.html?product_no=247&cate_no=175&display_group=1,54
https://tonymoly.com/products/houttuynia-cordata-cica-cleansing-foam.do?i_sProductcd=TM20220405000140678,54
https://sum37.com/product/detail.html?product_no=424&cate_no=24&display_group=1,54
https://neopharmshop.co.kr/product/아토팜-판테놀-크림-워시-300ml/2130/,54
https://jayjun.co.kr/product/detail.html?product_no=1357,54
https://www.elimerek.com/shop/shopdetail.html?branduid=3557807&xcode=001&mcode=001&scode=&type=Y&sort=regdate&current_category=001001&search=&GfDT=bWl3VQ%3D%3D,55
https://numbuzin.com/product/2%EB%B2%88-%EB%94%A5%ED%81%B4%EB%A6%B0-%EC%83%9D%ED%81%AC%EB%A6%BC-%ED%81%B4%EB%A0%8C%EC%A7%95%ED%8F%BC-120ml/31/category/61/display/1/,55
https://roundlab.co.kr/product/detail.html?product_no=140,55
https://dalba.co.kr/goods/goods_view.php?goodsNo=1000000096,55
https://medisection.com/product/detail.html?product_no=8312,55
https://ohui.com/product/익스트림-브라이트-클렌징-폼-160ml/193/,55
https://brdy-official.com/product/시카페인-트러블-리셋-클렌징폼/30/,56
https://www.theskinfood.com/shop/shopdetail.html?branduid=10323366&search=%ED%8F%BC&sort=order&xcode=008&mcode=000&scode=&GfDT=bG13WA%3D%3D,56
https://benetus.imweb.me/cleanser/?idx=1,56
https://purek.co.kr/product/detail.html?product_no=10&cate_no=25&display_group=1,56
https://roundlab.co.kr/product/1025-독도-클렌저-150ml/36/,56
https://themedicube.co.kr/product/detail.html?product_no=21&cate_no=44&display_group=1,56
https://www.theskinfood.com/shop/shopdetail.html?branduid=10321966&search=%ED%8F%BC&sort=order&xcode=005&mcode=042&scode=&GfDT=bml9W1Q%3D#,56
https://9wishes.co.kr/product/%EB%8D%94%EB%A7%88%ED%8B%B1-%EC%8B%9C%EC%B9%B4-%ED%8F%BC%ED%81%B4%EB%A0%8C%EC%A0%80/162/category/78/display/1/,56
https://myrealbarrier.co.kr/product/detail.html?product_no=70,57
https://mixsoon.co.kr/product/detail.html?product_no=338&cate_no=106&display_group=1,57
https://onething.kr/product/%EC%96%B4%EC%84%B1%EC%B4%88-%EC%95%BD%EC%82%B0%EC%84%B1-%ED%8F%BC%ED%81%B4%EB%A0%8C%EC%A7%95-150ml/233/category/1/display/7/?icid=MAIN.product_listmain_6,57
https://mixsoon.co.kr/product/detail.html?product_no=371&cate_no=106&display_group=1,57
https://www.ableshop.kr/product/goods/view-goods?goodsId=BO00112997,57
https://sungboon.com/product/%EC%84%BC%ED%85%94%EB%9D%BD%ED%86%A0-%EC%95%84%ED%81%AC%EB%A6%AC%EC%8A%A4-%ED%81%B4%EB%A6%AC%EC%96%B4%EB%A7%81-%ED%8F%BC-%ED%81%B4%EB%A0%8C%EC%A0%80/584/category/494/display/1/,58
https://www.makeprem.com/goods/goods_view.php?goodsNo=1037,58
https://myrealbarrier.co.kr/product/detail.html?product_no=68,58
https://graymelin.com/product/%EC%95%84%EB%A5%B4%EA%B0%84-%EC%98%A4%EC%9D%BC-%ED%81%B4%EB%A0%8C%EC%A7%95-%ED%8F%BC-300ml/541/category/61/display/1/,58
https://whataskin.co.kr/product/%ED%93%A8%EC%96%B4%EB%AF%B8-%ED%8F%BC%ED%81%B4%EB%A0%8C%EC%A7%95-500ml/10/category/29/display/1/,58
https://jumiso.co.kr/product/%EA%B8%80%EB%A1%9C%EC%9A%B0%ED%94%BD1%EC%9C%84-%ED%8F%AC%EC%96%B4-%ED%93%A8%EB%A6%AC%ED%8C%8C%EC%9E%89-%EC%82%B4%EB%A6%AC%EC%8B%A4%EC%82%B0-%ED%8F%AC%EB%B0%8D-%ED%81%B4%EB%A0%8C%EC%A0%80-120g/66/category/44/display/1/,58
https://celimax.co.kr/product/%EC%8B%9C%EC%B9%B4-%EB%B0%94%ED%95%98-%EC%A7%80%EC%9A%B0%EA%B0%9C-%ED%8F%BC-%ED%81%B4%EB%A0%8C%EC%A7%95-150ml/26/category/48/display/1/,59
https://pongdangshop.com/product/detail.html?product_no=147&cate_no=117&display_group=1,59
https://medihealshop.com/product/더마-크림-팩-클렌저마데카소사이드-진정-장벽/1659/,59
https://www.iaso.co.kr/shop/shopdetail.html?branduid=44&xcode=005&mcode=001&scode=&type=Y&sort=manual&current_category=005001&search=&GfDT=bm19W1o%3D,59
https://pyunkangyul.com/product/%ED%81%B4%EB%A0%8C%EC%A7%95%ED%8F%BC-150ml/163/category/231/display/1/,59
https://abib.com/product/아크네-폼-클렌저-어성초-폼/132/,59
https://theuiq.com/product/%EB%B0%94%EC%9D%B4%EC%98%B4-%EB%B2%A0%EB%A6%AC%EC%96%B4-%ED%81%B4%EB%A0%8C%EC%A7%95-%ED%8F%BC-120ml/30/category/45/display/1/,59
https://m.shionle.com/product/detail.html?product_no=788#enp_mbris,59
https://www.larocheposay.co.kr/product/view/4397.do?srsltid=AfmBOoqc6tG5OPY9IfcEpE66VJxlweVouBf9zbRX3VxraM4X8pN91Toa,59
https://pyunkangyul.com/product/약산성-모공-딥-클렌징폼-100ml/134/category/95/display/1/,59
https://m.maxclinic.com/product/detail.html?product_no=1548&cate_no=180&display_group=1,60
https://www.sulwhasoo.com/kr/ko/products/the-ultimate-s-enriched-cleansing-foam.html,60
https://www.torriden.com/goods/goods_view.php?goodsNo=263,60
https://www.dr-g.co.kr/item/9380?pc=4&cc=14,60
https://aperire.co.kr/product/new-%EB%B9%84-%ED%94%84%EB%A1%9C%EC%A6%8C-%ED%8F%AC%EC%96%B4-%ED%8C%A9-%ED%88%AC-%ED%8F%BC-%ED%81%B4%EB%A0%8C%EC%A0%80/159/,60
https://www.torriden.com/goods/goods_view.php?goodsNo=154,60
https://paparecipe.com/product/블레미쉬-효소-파우더-클렌저-50g/986/,61
https://anua.kr/product/detail.html?product_no=252,61
https://eunyul.co.kr/product/%EB%8D%B0%EC%9D%BC%EB%A6%AC-%EC%BC%80%EC%96%B4-%EB%94%A5-%EB%B2%84%EB%B8%94-%ED%8F%BC%ED%81%B4%EB%A0%8C%EC%A0%80-500ml/117/category/45/display/1/,61
https://www.innisfree.com/kr/ko/dp/product/35277,61
https://www.cosrx.co.kr/shop/shopdetail.html?branduid=1176799&xcode=070&mcode=001&scode=002,61
https://www.edkshop.com/product/detail.html?product_no=537&cate_no=203&display_group=1,61
https://banobagicosmetic.com/product/detail.html?product_no=201&cate_no=83&display_group=1&cafe_mkt=naver_ks&mkt_in=Y&ghost_mall_id=naver&ref=naver_open&NaPm=ct%3Dmovaa0i0%7Cci%3D85a879e9a8204140caf6a26842e5306d8237ce28%7Ctr%3Dsls%7Csn%3D744786%7Chk%3Da31bc97d8c26303004523e08350585fc64769f90,61
https://anua.kr/product/detail.html?product_no=214,61
https://kr.melixirskincare.com/product/만다린-모닝-페이스-클렌저-250ml/241/,61
https://www.makeprem.com/goods/goods_view.php?goodsNo=1000000283,62
https://lagom.kr/product/detail.html?product_no=9&cate_no=86&display_group=1,62
https://thewhoo.com/product/detail.html?product_no=713,62
https://whipped.co.kr/product/%ED%9C%A9%EB%93%9C-%EB%AC%B4%ED%99%94%EB%B2%84%ED%84%B0-%EB%B9%84%EA%B1%B4-%ED%8C%A9%ED%81%B4%EB%A0%8C%EC%A0%80-130g/222/category/54/display/1/,62
https://clubclio.co.kr/shop/goodsView/0000005420#page1&id=0000005420,62
https://fation.co.kr/product/2023-%ED%99%94%ED%95%B4-%EC%97%AC%EB%93%9C%EB%A6%84-%EA%B8%B0%EB%8A%A5%EC%84%B1-%ED%81%B4%EB%A0%8C%EC%A7%95%ED%8F%BC-1%EC%9C%84-%EB%85%B8%EC%8A%A4%EC%B9%B4%EB%82%98%EC%9D%B8-%ED%8A%B8%EB%9F%AC%EB%B8%94-%ED%81%B4%EB%A0%8C%EC%A7%95-%ED%8F%BC-150ml/663/category/101/display/1/,62
https://paparecipe.com/product/%ED%8B%B0%ED%8A%B8%EB%A6%AC-%EC%BB%A8%ED%8A%B8%EB%A1%A4-%ED%81%B4%EB%A0%8C%EC%A7%95-%ED%8F%BC-120ml/1213/category/288/display/1/,62
https://www.innisfree.com/kr/ko/dp/product/35276,62
https://www.etude.com/shop/category/cleanser/cleanser-all/%ec%88%98%eb%b6%84%ea%b0%80%eb%93%9d-%ec%bd%9c%eb%9d%bc%ea%b2%90-%ed%81%b4%eb%a0%8c%ec%a7%95-%ed%8f%bc-150ml/,62
https://roundlab.co.kr/product/detail.html?product_no=130,63
https://graymelin.com/product/%EC%91%A5-%ED%93%A8%EC%96%B4-%ED%8F%BC%ED%81%B4%EB%A0%8C%EC%A0%B8-150ml-%EB%B3%B4%EC%86%A1%EC%A7%84%EC%A0%95/501/category/61/display/1/,63
https://pcalm.co.kr/product/%ED%94%BC%EC%BA%84-%EC%96%B8%EB%8D%94%ED%8F%AC%EC%96%B4-%ED%8F%BC%ED%81%B4%EB%A0%8C%EC%A7%95/19/,63
https://abib.com/product/딥-클린-폼-클렌저-수분초-히알루론-폼/306/,63
https://ilso.kr/product/%ED%94%BC%EC%A7%80-%ED%9D%A1%EC%B0%A9-%ED%81%B4%EB%A0%8C%EC%A7%95-%ED%8C%A9%ED%8F%BC-%EA%B8%B0%ED%9A%8D-%EC%A6%9D%EC%A0%95-%EC%84%B8%EC%95%88-%ED%97%A4%EC%96%B4%EB%B0%B4%EB%93%9C/200/category/118/display/1/,63
https://aromatica.co/product/detail.html?product_no=2212,63
https://graymelin.com/product/11-%ED%81%AC%EB%A0%88%EC%9D%B4%EC%A7%80-%EB%8C%80%EC%9A%A9%EB%9F%89-%ED%8F%BC%ED%81%B4%EB%A0%8C%EC%A0%B8-500ml/420/category/61/display/1/,64
https://www.theskinfood.com/shop/shopdetail.html?branduid=10322201&search=%ED%8F%BC&sort=order&xcode=008&mcode=000&scode=&GfDT=aWV%2B,64
https://anua.kr/product/detail.html?product_no=348,64
https://roundlab.co.kr/product/detail.html?product_no=160,64
https://m.bentoncosmetic.com/product/%EB%B2%A4%ED%8A%BC-%EC%96%B4%EB%8B%88%EC%8A%A4%ED%8A%B8-%ED%81%B4%EB%A0%8C%EC%A7%95%ED%8F%BC-150g-%EB%B9%84%EA%B1%B4/17/category/188/display/1/#enp_mbris,64
https://banila.com/product/detail.html?product_no=680,64
https://www.theskinfood.com/shop/shopdetail.html?branduid=1464&search=%ED%8F%BC&sort=order&xcode=005&mcode=034&scode=&GfDT=bG53VQ%3D%3D,64
https://blancnature.co.kr/product/best-%EC%97%AC%EB%93%9C%EB%A6%84-%EA%B8%B0%EB%8A%A5%EC%84%B1-%ED%81%B4%EB%A0%8C%EC%A7%95%ED%8F%BC-150ml/13/category/45/display/1/,64
https://myrealbarrier.co.kr/product/detail.html?product_no=85,64
https://biodance.co.kr/product/콜라겐-팩-투-폼-클렌저/335/,64
https://www.dr-g.co.kr/item/4359?pc=4&cc=14,64
https://hemille.com/product/detail.html?product_no=35&cate_no=55&display_group=1,64
https://thewhoo.com/product/detail.html?product_no=88,64
https://themedicube.co.kr/product/유튜버-pick-제로-폼-클렌저/356,65
https://silkcrystal.co.kr/product/%ED%99%94%EC%9D%B4%ED%8A%B8-%EB%94%A5-%ED%81%B4%EB%A6%B0%EC%A7%95-%ED%8F%BC-70ml/67/category/24/display/1/,65
https://thewhoo.com/product/detail.html?product_no=87,65
https://www.sidmool.com/shop/shopdetail.html?branduid=55&xcode=022&mcode=001&scode=&type=X&sort=sellcnt&current_category=022001&GfDT=bm9%2BW18%3D,65
https://theuiq.com/product/%EB%B0%94%EC%9D%B4%EC%98%B4-%EB%A0%88%EB%AF%B8%EB%94%94-%EC%95%84%ED%81%AC%EB%84%A4-%ED%81%B4%EB%A0%8C%EC%A7%95-%ED%8F%BC-150ml/393/category/45/display/1/,65
https://huxley.co.kr/product/클렌징-폼-비-클린-비-모이스트/79,65
https://abib.com/product/포어-클레이-팩-클렌저-어성초-차콜-팩-투-폼/597/,65
https://illiyoon.com/product/detail.html?product_no=275,65
https://thewhoo.com/product/detail.html?product_no=650,65
https://anua.kr/product/detail.html?product_no=254,65
https://www.beplain.co.kr/shop/shopdetail.html?branduid=10739138&xcode=013&mcode=001&scode=&type=Y&sort=manual&current_category=013001&search=&GfDT=bmt8W1o%3D,65
https://themedicube.co.kr/product/detail.html?product_no=2592&cate_no=308&display_group=1,66
https://benetus.imweb.me/cleanser/?idx=2,66
https://dewytree.com/product/detail.html?product_no=688&cate_no=54&display_group=1,66
https://9wishes.co.kr/product/%ED%95%98%EC%9D%B4%EB%93%9C%EB%9D%BC-%EB%A7%88%EC%9D%BC%EB%93%9C-%ED%8F%BC-%ED%81%B4%EB%A0%8C%EC%A0%80-200ml/278/category/78/display/1/,66
https://pioom.co.kr/product/%EC%8A%A4%ED%82%A8%EB%B0%94%EB%A6%AC%EC%8A%A4%ED%83%80-%EC%8C%80%EA%B2%A8-%ED%81%B4%EB%A0%8C%EC%A7%95-%ED%8F%BC-500ml/226/category/12/display/1/,66
https://wellage.co.kr/product/%EB%A6%AC%EC%96%BC-%ED%9E%88%EC%95%8C%EB%A3%A8%EB%A1%9C%EB%8B%89-%EC%95%84%EB%AF%B8%EB%85%B8-%ED%81%B4%EB%A0%8C%EC%A7%95-%ED%8F%BC-150ml/1256/,67
https://odeloi.com/product/%EB%9D%BC%EC%A6%88%EB%B2%A0%EB%A6%AC-%EC%82%B4%EB%A6%AC%EC%8B%A4%EC%82%B0-%ED%8F%BC%ED%81%B4%EB%A0%8C%EC%A7%95/30/category/58/display/1/,67
https://belifmall.com/product/빌리프-크리미-클렌징-폼-모이스트-160ml/23/,67
https://www.celltrionmall.com/item/DL2025031243,67
https://eunyul.co.kr/product/%EB%8D%B0%EC%9D%BC%EB%A6%AC-%EC%BC%80%EC%96%B4-%EC%95%84%ED%81%AC%EB%84%A4-%EB%B2%84%EB%B8%94-%ED%8F%BC%ED%81%B4%EB%A0%8C%EC%A0%80-500ml/130/category/45/display/1/,67
https://pcalm.co.kr/product/%ED%94%BC%EC%BA%84-%ED%99%80%EB%A6%AC%EB%B0%94%EC%A7%88-%EA%B7%B8%EB%A6%B0%EC%BA%A1%EC%8A%90-%ED%8C%A9%ED%88%AC%ED%8F%BC-%ED%81%B4%EB%A0%8C%EC%A0%80/1428/category/206/display/1/,67
https://m.isntree.com/product/%EC%B0%B8%EB%A7%88-%EB%B9%84%EA%B1%B4-%EC%95%BD%EC%82%B0%EC%84%B1-%ED%81%B4%EB%A0%8C%EC%A0%80-120ml/551/category/53/display/1/,68
https://myrealbarrier.co.kr/product/detail.html?product_no=71,68
https://www.torriden.com/goods/goods_view.php?goodsNo=253,68
https://www.theskinfood.com/shop/shopdetail.html?branduid=1796&search=%ED%8F%BC&sort=order&xcode=005&mcode=033&scode=&GfDT=bm18W1o%3D,68
https://www.thefaceshop.com/mall/product/product-view.jsp?dpid=AF013656,68
https://illiyoon.com/product/detail.html?product_no=274,68
https://www.suiskin.co.kr/product/detail.html?product_no=253&cate_no=83&display_group=1,68
https://medihealshop.com/product/밀도-보습-히알루론산-클렌저-120ml/1520/,69
https://www.theskinfood.com/shop/shopdetail.html?branduid=993&xcode=036&mcode=001&scode=003,69
https://eunyul.co.kr/product/%EC%98%90%EB%A1%9C%EC%9A%B0%EC%94%A8%EB%93%9C-%EB%B0%94%EC%9D%B4%ED%83%88-%ED%8F%BC%ED%81%B4%EB%A0%8C%EC%A0%80-500ml/82/category/45/display/1/,69
https://thewhoo.com/product/detail.html?product_no=198&cate_no=94&display_group=1,69
https://physiogel.co.kr/product/detail.html?product_no=374&cate_no=28&display_group=1,69
https://www.sulwhasoo.com/kr/ko/products/gentle-cleansing-foam-ex.html,69
https://www.isoi.co.kr/product/goods_detail?goods_no=993,69
https://www.etude.com/shop/category/cleanser/cleanser-all/%eb%bd%80%ec%98%a4%ec%96%80-%eb%af%b8%ec%86%8c-%eb%b0%9c%ed%9a%a8-%ed%81%b4%eb%a0%8c%ec%a7%95-%ed%8f%bc-150ml/,70
https://m.e-giverny.com/goods/goods_view.php?goodsNo=674,70
https://www.itsskin.com/goods/goods_view.php?goodsNo=1000001246,70
https://www.beplain.co.kr/shop/shopdetail.html?branduid=15,70
https://droracle.co.kr/product/센텔라바이옴%C2%AE미산성-클렌징폼-120ml/752/,70
https://ilso.kr/product/new-%EC%96%B4%EC%84%B1%EC%B4%88%EB%AF%BC%EA%B0%90-pdrn-%EC%95%A1%ED%8B%B0%EB%B8%8C-%EB%B2%84%EB%B8%94-%ED%81%B4%EB%A0%8C%EC%A0%80/211/category/118/display/1/,71
https://eunyul.co.kr/product/%EB%8D%B0%EC%9D%BC%EB%A6%AC-%EC%BC%80%EC%96%B4-%ED%93%A8%EC%96%B4-%EB%B2%84%EB%B8%94-%ED%8F%BC%ED%81%B4%EB%A0%8C%EC%A0%80-500ml/103/category/45/display/1/,71
http://www.faithinface.co.kr/shop/shopdetail.html?branduid=3474504&xcode=039&mcode=004&scode=&type=Y&sort=manual&current_category=039004&search=&GfDT=bmh8W14%3D,71
https://thewhoo.com/product/detail.html?product_no=766,71
https://eunyul.co.kr/product/%EB%A7%88%EC%9C%A0-%ED%8F%BC%ED%81%B4%EB%A0%8C%EC%A7%95-150ml/16/category/45/display/1/,71
https://anua.kr/product/detail.html?product_no=420,71
https://9wishes.co.kr/product/%EB%9D%BC%EC%9D%B4%EC%8A%A4-%ED%8F%AC%EB%B0%8D-%ED%81%B4%EB%A0%8C%EC%A0%80/98/category/78/display/1/,71
https://themedicube.co.kr/product/detail.html?product_no=2286&cate_no=44&display_group=1,72
https://itempage3.auction.co.kr/DetailView.aspx?itemno=B873273622,73
https://brmudkorea.com/product/detail.html?product_no=13&cate_no=90&display_group=1,73
https://www.oliveyoung.co.kr/store/goods/getGoodsDetail.do?goodsNo=A000000223233,74
https://tyfmall.co.kr/product/%ED%8F%B4%EB%A3%A8%ED%94%84%EB%A6%AC-55-%EC%95%BD%EC%82%B0%EC%84%B1-%ED%81%B4%EB%A0%8C%EC%A7%95-%ED%8F%BC-120ml/70/category/64/display/1/,74
https://pdrnmall.co.kr/product/리쥬란-리파이닝-폼-클렌저-120ml/558/,74
https://www.theskinfood.com/shop/shopdetail.html?branduid=10323543&search=%ED%8F%BC&sort=order&xcode=008&mcode=000&scode=&GfDT=bm91W1w%3D,74
https://onething.kr/product/%ED%9E%88%EC%95%8C%EB%A3%A8%EB%A1%9C%EB%8B%89-%EC%8A%A4%EC%BF%A0%EC%95%8C%EB%9E%80-%ED%81%B4%EB%A0%8C%EC%A7%95-%ED%8F%BC-120ml/494/category/1/display/7/?icid=MAIN.product_listmain_6,74
https://sum37.com/product/로시크숨마-폼클렌저-기획/281/,74
https://www.beplain.co.kr/shop/shopdetail.html?branduid=10739403&xcode=013&mcode=001&scode=&type=Y&sort=manual&current_category=013001&search=&GfDT=bm17W10%3D,75
https://aprilskin.com/product/detail.html?product_no=957,75
https://www.aestura.com/m/product/view.do?prdSeq=1077,75
https://illiyoon.com/product/detail.html?product_no=276,75
https://www.torriden.com/goods/goods_view.php?goodsNo=153,77
https://www.etude.com/shop/category/cleanser/cleanser-all/%ec%88%9c%ec%a0%95-%ec%95%bd%ec%82%b0%ec%84%b1-5-5-%ed%8f%bc-%ed%81%b4%eb%a0%8c%ec%a0%80-150ml-2/,78
https://beyond.co.kr/product/detail.html?product_no=1396,78
https://clubclio.co.kr/shop/goodsView/0000006568#page1&id=0000006568,79
https://jmsolution.com/product/솔루션-pdrn-클렌징-폼-120ml-2개-세트/3413/,81
https://www.etude.com/shop/category/cleanser/cleanser-all/%eb%b2%a0%ec%9d%b4%ed%82%b9-%ed%8c%8c%ec%9a%b0%eb%8d%94-%eb%aa%a8%ea%b3%b5-%ed%81%b4%eb%a0%8c%ec%a7%95-%ed%8f%bc-160g/,84
https://illumiel.co.kr/product/%EC%9D%BC%EB%A3%A8%EB%AF%B8%EC%97%98-%EB%A7%88%EC%9D%BC%EB%93%9C-%ED%81%B4%EB%A6%AC%EC%96%B4-%EC%88%9C%EC%8B%B9-%ED%81%B4%EB%A0%8C%EC%A7%95-%ED%8F%BC-150ml/28/category/51/display/1/,84
https://whataskin.co.kr/product/%ED%93%A8%EC%96%B4%EB%AF%B8-%ED%9C%A9-%ED%8F%BC%ED%81%B4%EB%A0%8C%EC%A7%95-150g/22/category/29/display/1/,85
https://skin1004korea.com/product/마다가스카르-센텔라-앰플-폼-125ml/272/category/131/display/1/,90
https://m.thelavicosmall.com/product/%EC%A0%80%EC%9E%90%EA%B7%B9%EC%B4%89%EC%B4%89%ED%81%B4%EB%A0%8C,113
https://skin1004korea.com/product/%EB%A7%88%EB%8B%A4%EA%B0%80%EC%8A%A4%EC%B9%B4%EB%A5%B4-%EC%84%BC%E,155
